From;To;Date
8;8;19990423
8;8;19990426
8;7;19990427
7;7;19990428
7;7;19990429
7;7;19990430
7;7;19990504
7;7;19990505
7;7;19990506
7;7;19990507
7;7;19990510
7;7;19990511
7;7;19990512
7;7;19990513
7;7;19990514
7;7;19990517
7;7;19990518
7;7;19990519
7;7;19990520
7;7;19990521
7;7;19990524
7;7;19990525
7;7;19990526
7;7;19990527
7;7;19990528
7;6;19990531
6;6;19990601
6;6;19990602
6;6;19990607
6;7;19990608
7;6;19990609
6;6;19990610
6;7;19990611
7;7;19990614
7;7;19990615
7;7;19990616
7;7;19990617
7;7;19990618
7;7;19990621
7;7;19990622
7;7;19990623
7;7;19990624
7;7;19990625
7;7;19990628
7;7;19990629
7;7;19990630
7;7;19990701
7;7;19990702
7;7;19990705
7;7;19990706
7;7;19990707
7;7;19990708
7;7;19990709
7;7;19990712
7;7;19990713
7;7;19990714
7;7;19990715
7;7;19990716
7;7;19990719
7;7;19990720
7;7;19990721
7;7;19990722
7;7;19990723
7;7;19990726
7;7;19990727
7;7;19990728
7;7;19990729
7;7;19990730
7;7;19990802
7;7;19990803
7;7;19990804
7;7;19990805
7;7;19990806
7;7;19990809
7;7;19990810
7;7;19990811
7;7;19990812
7;7;19990813
7;7;19990816
7;7;19990817
7;7;19990818
7;7;19990819
7;7;19990820
7;7;19990823
7;7;19990824
7;7;19990825
7;7;19990826
7;7;19990827
7;7;19990830
7;7;19990831
7;7;19990901
7;7;19990902
7;7;19990903
7;7;19990906
7;7;19990907
7;7;19990908
7;7;19990909
7;7;19990910
7;7;19990913
7;6;19990914
6;6;19990915
6;6;19990916
6;5;19990917
5;6;19990920
6;5;19990921
5;5;19990922
5;5;19990923
5;5;19990924
5;5;19990927
5;4;19990928
4;4;19990929
4;4;19990930
4;4;19991001
4;4;19991004
4;4;19991005
4;5;19991006
5;5;19991007
5;5;19991008
5;5;19991011
5;5;19991012
5;4;19991013
4;5;19991014
5;5;19991015
5;4;19991018
4;4;19991019
4;5;19991020
5;5;19991021
5;5;19991022
5;5;19991025
5;5;19991026
5;5;19991027
5;5;19991028
5;5;19991029
5;5;19991102
5;5;19991103
5;5;19991104
5;4;19991105
4;4;19991108
4;5;19991109
5;5;19991110
5;5;19991115
5;5;19991116
5;5;19991117
5;5;19991118
5;5;19991119
5;5;19991122
5;5;19991123
5;5;19991124
5;5;19991125
5;5;19991126
5;5;19991129
5;5;19991130
5;6;19991201
6;5;19991202
5;5;19991203
5;5;19991206
5;5;19991207
5;6;19991208
6;6;19991209
6;6;19991210
6;6;19991213
6;6;19991214
6;5;19991215
5;5;19991216
5;6;19991217
6;6;19991220
6;6;19991221
6;6;19991222
6;6;19991223
6;6;19991227
6;6;19991228
6;6;19991229
6;6;20000103
6;6;20000104
6;5;20000105
5;6;20000106
6;6;20000107
6;6;20000110
6;6;20000111
6;6;20000112
6;6;20000113
6;6;20000114
6;6;20000117
6;6;20000118
6;6;20000119
6;6;20000120
6;6;20000121
6;6;20000124
6;5;20000125
5;5;20000126
5;5;20000127
5;5;20000128
5;5;20000131
5;5;20000201
5;6;20000202
6;6;20000203
6;6;20000204
6;6;20000207
6;7;20000208
7;8;20000209
8;7;20000210
7;7;20000211
7;7;20000214
7;7;20000215
7;7;20000216
7;7;20000217
7;7;20000218
7;7;20000221
7;7;20000222
7;7;20000223
7;6;20000224
6;6;20000225
6;5;20000228
5;5;20000229
5;5;20000301
5;6;20000302
6;6;20000303
6;6;20000306
6;6;20000307
6;6;20000308
6;6;20000309
6;7;20000310
7;6;20000313
6;7;20000314
7;7;20000315
7;7;20000316
7;7;20000317
7;7;20000320
7;7;20000321
7;7;20000322
7;7;20000323
7;7;20000324
7;7;20000327
7;7;20000328
7;7;20000329
7;7;20000330
7;7;20000331
7;6;20000403
6;6;20000404
6;6;20000405
6;6;20000406
6;6;20000407
6;6;20000410
6;6;20000411
6;6;20000412
6;6;20000413
6;6;20000414
6;5;20000417
5;6;20000418
6;6;20000419
6;6;20000420
6;6;20000425
6;6;20000426
6;6;20000427
6;6;20000428
6;6;20000504
6;6;20000505
6;6;20000508
6;6;20000509
6;6;20000510
6;6;20000511
6;6;20000512
6;6;20000515
6;6;20000516
6;6;20000517
6;6;20000518
6;6;20000519
6;6;20000522
6;6;20000523
6;6;20000524
6;6;20000525
6;6;20000526
6;6;20000529
6;6;20000530
6;6;20000531
6;6;20000601
6;6;20000602
6;6;20000605
6;6;20000606
6;7;20000607
7;7;20000608
7;7;20000609
7;7;20000612
7;7;20000613
7;7;20000614
7;7;20000615
7;7;20000616
7;7;20000619
7;7;20000620
7;7;20000621
7;7;20000623
7;7;20000626
7;6;20000627
6;6;20000628
6;6;20000629
6;6;20000630
6;6;20000703
6;6;20000704
6;7;20000705
7;7;20000706
7;7;20000707
7;7;20000710
7;6;20000711
6;6;20000712
6;6;20000713
6;6;20000714
6;6;20000717
6;7;20000718
7;6;20000719
6;6;20000720
6;6;20000721
6;6;20000724
6;6;20000725
6;6;20000726
6;6;20000727
6;7;20000728
7;6;20000731
6;6;20000801
6;6;20000802
6;6;20000803
6;6;20000804
6;6;20000807
6;6;20000808
6;6;20000809
6;6;20000810
6;6;20000811
6;6;20000814
6;6;20000816
6;6;20000817
6;6;20000818
6;6;20000821
6;6;20000822
6;6;20000823
6;6;20000824
6;6;20000825
6;6;20000828
6;6;20000829
6;6;20000830
6;7;20000831
7;6;20000901
6;6;20000904
6;6;20000905
6;6;20000906
6;6;20000907
6;6;20000908
6;6;20000911
6;6;20000912
6;6;20000913
6;6;20000914
6;6;20000915
6;6;20000918
6;6;20000919
6;6;20000920
6;6;20000921
6;6;20000922
6;6;20000925
6;6;20000926
6;6;20000927
6;6;20000928
6;6;20000929
6;6;20001002
6;6;20001003
6;6;20001004
6;6;20001005
6;6;20001006
6;6;20001009
6;6;20001010
6;5;20001011
5;5;20001012
5;5;20001013
5;5;20001016
5;5;20001017
5;5;20001018
5;5;20001019
5;6;20001020
6;6;20001023
6;6;20001024
6;6;20001025
6;6;20001026
6;6;20001027
6;6;20001030
6;6;20001031
6;6;20001102
6;6;20001103
6;6;20001106
6;6;20001107
6;6;20001108
6;6;20001109
6;6;20001110
6;6;20001113
6;6;20001114
6;6;20001115
6;6;20001116
6;6;20001117
6;6;20001120
6;6;20001121
6;6;20001122
6;6;20001123
6;6;20001124
6;6;20001127
6;6;20001128
6;6;20001129
6;6;20001130
6;6;20001201
6;6;20001204
6;6;20001205
6;6;20001206
6;6;20001207
6;6;20001208
6;6;20001211
6;6;20001212
6;6;20001213
6;6;20001214
6;6;20001215
6;6;20001218
6;6;20001219
6;6;20001220
6;6;20001221
6;6;20001222
6;6;20001227
6;6;20001228
6;6;20001229
6;6;20010102
6;6;20010103
6;6;20010104
6;6;20010105
6;6;20010108
6;6;20010109
6;6;20010110
6;6;20010111
6;6;20010112
6;6;20010115
6;6;20010116
6;6;20010117
6;6;20010118
6;6;20010119
6;6;20010122
6;6;20010123
6;6;20010124
6;6;20010125
6;6;20010126
6;6;20010129
6;6;20010130
6;6;20010131
6;6;20010201
6;6;20010202
6;6;20010205
6;5;20010206
5;6;20010207
6;6;20010208
6;6;20010209
6;5;20010212
5;6;20010213
6;6;20010214
6;6;20010215
6;6;20010216
6;6;20010219
6;6;20010220
6;6;20010221
6;6;20010222
6;6;20010223
6;6;20010226
6;6;20010227
6;6;20010228
6;6;20010301
6;6;20010302
6;6;20010305
6;6;20010306
6;6;20010307
6;5;20010308
5;5;20010309
5;5;20010312
5;5;20010313
5;5;20010314
5;5;20010315
5;5;20010316
5;5;20010320
5;5;20010321
5;5;20010322
5;5;20010323
5;5;20010326
5;5;20010327
5;5;20010328
5;5;20010329
5;5;20010330
5;5;20010402
5;5;20010403
5;5;20010404
5;5;20010405
5;5;20010406
5;5;20010409
5;5;20010410
5;5;20010411
5;5;20010412
5;5;20010417
5;5;20010418
5;5;20010419
5;5;20010420
5;5;20010423
5;5;20010424
5;6;20010425
6;6;20010426
6;6;20010427
6;6;20010430
6;6;20010502
6;5;20010504
5;6;20010507
6;6;20010508
6;5;20010509
5;6;20010510
6;6;20010511
6;6;20010514
6;6;20010515
6;6;20010516
6;6;20010517
6;6;20010518
6;6;20010521
6;6;20010522
6;6;20010523
6;6;20010524
6;6;20010525
6;6;20010528
6;6;20010529
6;6;20010530
6;6;20010531
6;6;20010601
6;6;20010604
6;6;20010605
6;6;20010606
6;6;20010607
6;6;20010608
6;6;20010611
6;6;20010612
6;6;20010613
6;6;20010615
6;6;20010618
6;6;20010619
6;6;20010620
6;6;20010621
6;6;20010622
6;6;20010625
6;6;20010626
6;6;20010627
6;6;20010629
6;6;20010702
6;6;20010703
6;6;20010704
6;6;20010705
6;6;20010706
6;6;20010709
6;6;20010710
6;6;20010711
6;6;20010712
6;6;20010716
6;6;20010717
6;6;20010718
6;6;20010719
6;6;20010720
6;6;20010723
6;6;20010724
6;6;20010725
6;6;20010726
6;6;20010727
6;6;20010730
6;6;20010731
6;6;20010801
6;6;20010802
6;6;20010803
6;6;20010806
6;6;20010807
6;6;20010808
6;6;20010809
6;6;20010810
6;6;20010813
6;6;20010814
6;6;20010816
6;6;20010817
6;6;20010820
6;6;20010821
6;6;20010822
6;6;20010823
6;6;20010824
6;6;20010827
6;6;20010828
6;6;20010829
6;6;20010830
6;6;20010831
6;6;20010903
6;6;20010904
6;6;20010905
6;6;20010906
6;6;20010907
6;6;20010910
6;7;20010911
7;7;20010912
7;7;20010913
7;7;20010914
7;7;20010917
7;7;20010918
7;7;20010919
7;7;20010920
7;7;20010921
7;7;20010924
7;7;20010925
7;7;20010926
7;7;20010927
7;7;20010928
7;7;20011001
7;7;20011002
7;7;20011003
7;7;20011004
7;7;20011005
7;7;20011008
7;7;20011009
7;7;20011010
7;7;20011011
7;7;20011012
7;7;20011015
7;8;20011016
8;8;20011017
8;8;20011018
8;8;20011019
8;8;20011022
8;8;20011023
8;8;20011024
8;8;20011025
8;8;20011026
8;8;20011029
8;8;20011030
8;8;20011031
8;8;20011102
8;8;20011105
8;8;20011106
8;8;20011107
8;8;20011108
8;8;20011109
8;8;20011112
8;8;20011113
8;8;20011114
8;8;20011115
8;8;20011116
8;8;20011119
8;8;20011120
8;8;20011121
8;8;20011122
8;8;20011123
8;8;20011126
8;9;20011127
9;9;20011128
9;9;20011129
9;9;20011130
9;9;20011203
9;9;20011204
9;9;20011205
9;9;20011206
9;9;20011207
9;9;20011210
9;9;20011211
9;9;20011212
9;9;20011213
9;8;20011214
8;9;20011217
9;9;20011218
9;9;20011219
9;9;20011220
9;9;20011221
9;9;20011227
9;9;20011228
9;9;20011231
9;9;20020102
9;9;20020103
9;10;20020104
10;10;20020107
10;9;20020108
9;10;20020109
10;10;20020110
10;10;20020111
10;10;20020114
10;10;20020115
10;10;20020116
10;10;20020117
10;10;20020118
10;10;20020121
10;10;20020122
10;10;20020123
10;10;20020124
10;10;20020125
10;10;20020128
10;10;20020129
10;10;20020130
10;11;20020131
11;10;20020201
10;10;20020204
10;10;20020205
10;10;20020206
10;10;20020207
10;10;20020208
10;10;20020211
10;10;20020212
10;10;20020213
10;10;20020214
10;10;20020215
10;10;20020218
10;10;20020219
10;10;20020220
10;10;20020221
10;10;20020222
10;10;20020225
10;10;20020226
10;10;20020227
10;10;20020228
10;10;20020301
10;10;20020304
10;10;20020305
10;10;20020306
10;10;20020307
10;10;20020308
10;10;20020311
10;10;20020312
10;10;20020313
10;10;20020314
10;10;20020315
10;10;20020318
10;10;20020319
10;10;20020320
10;10;20020321
10;10;20020322
10;10;20020325
10;10;20020326
10;10;20020327
10;10;20020328
10;10;20020402
10;10;20020403
10;11;20020404
11;10;20020405
10;11;20020408
11;11;20020409
11;11;20020410
11;11;20020411
11;11;20020412
11;11;20020415
11;11;20020416
11;11;20020417
11;11;20020418
11;11;20020419
11;11;20020422
11;11;20020423
11;11;20020424
11;11;20020425
11;11;20020426
11;11;20020502
11;10;20020506
10;10;20020507
10;10;20020508
10;10;20020509
10;10;20020510
10;10;20020513
10;10;20020514
10;10;20020515
10;10;20020516
10;11;20020517
11;11;20020520
11;11;20020521
11;11;20020522
11;11;20020523
11;11;20020524
11;11;20020527
11;11;20020528
11;11;20020529
11;10;20020531
10;11;20020603
11;11;20020604
11;11;20020605
11;11;20020606
11;11;20020607
11;11;20020610
11;11;20020611
11;11;20020612
11;10;20020613
10;10;20020614
10;10;20020617
10;10;20020618
10;10;20020619
10;10;20020621
10;10;20020626
10;10;20020627
10;10;20020628
10;10;20020701
10;9;20020702
9;10;20020703
10;10;20020704
10;10;20020705
10;10;20020708
10;10;20020709
10;10;20020710
10;10;20020711
10;10;20020712
10;9;20020715
9;9;20020716
9;9;20020717
9;8;20020718
8;8;20020719
8;8;20020722
8;7;20020723
7;8;20020724
8;7;20020725
7;8;20020726
8;8;20020729
8;8;20020730
8;8;20020731
8;8;20020801
8;7;20020802
7;8;20020805
8;8;20020806
8;8;20020807
8;8;20020808
8;8;20020809
8;9;20020812
9;9;20020813
9;9;20020814
9;8;20020816
8;9;20020819
9;9;20020820
9;9;20020821
9;9;20020822
9;9;20020823
9;9;20020826
9;9;20020827
9;9;20020828
9;9;20020829
9;9;20020830
9;9;20020902
9;9;20020904
9;8;20020905
8;9;20020906
9;9;20020910
9;9;20020911
9;9;20020912
9;9;20020913
9;8;20020916
8;9;20020917
9;8;20020918
8;8;20020919
8;9;20020920
9;9;20020923
9;9;20020924
9;9;20020925
9;9;20020926
9;9;20020927
9;9;20020930
9;9;20021001
9;9;20021002
9;9;20021003
9;9;20021004
9;9;20021007
9;9;20021010
9;9;20021011
9;9;20021014
9;9;20021015
9;9;20021016
9;9;20021017
9;9;20021018
9;9;20021021
9;9;20021022
9;9;20021023
9;9;20021024
9;9;20021025
9;9;20021028
9;9;20021029
9;9;20021030
9;9;20021031
9;9;20021104
9;10;20021105
10;10;20021106
10;10;20021107
10;10;20021108
10;10;20021112
10;10;20021113
10;10;20021114
10;10;20021115
10;10;20021118
10;10;20021119
10;10;20021120
10;10;20021121
10;10;20021122
10;10;20021125
10;10;20021126
10;10;20021127
10;10;20021128
10;10;20021129
10;10;20021202
10;10;20021203
10;10;20021204
10;10;20021205
10;10;20021206
10;10;20021209
10;10;20021210
10;10;20021211
10;10;20021212
10;10;20021213
10;10;20021216
10;10;20021217
10;10;20021218
10;10;20021219
10;10;20021220
10;10;20021227
10;10;20021230
10;10;20021231
10;10;20030102
10;10;20030103
10;10;20030106
10;10;20030107
10;10;20030108
10;10;20030109
10;10;20030110
10;10;20030113
10;10;20030114
10;10;20030115
10;10;20030116
10;10;20030117
10;10;20030120
10;10;20030121
10;10;20030122
10;10;20030123
10;10;20030124
10;10;20030127
10;10;20030128
10;10;20030129
10;10;20030130
10;10;20030131
10;10;20030203
10;10;20030204
10;10;20030205
10;10;20030206
10;10;20030207
10;10;20030210
10;10;20030211
10;10;20030212
10;10;20030213
10;10;20030214
10;11;20030217
11;11;20030218
11;11;20030219
11;11;20030220
11;11;20030221
11;11;20030224
11;11;20030225
11;11;20030226
11;11;20030227
11;11;20030228
11;11;20030304
11;11;20030305
11;11;20030306
11;12;20030307
12;12;20030310
12;12;20030311
12;13;20030312
13;13;20030313
13;13;20030314
13;12;20030317
12;13;20030318
13;13;20030319
13;13;20030320
13;13;20030321
13;13;20030324
13;13;20030325
13;13;20030326
13;13;20030327
13;13;20030328
13;13;20030331
13;13;20030401
13;13;20030402
13;13;20030403
13;14;20030404
14;14;20030407
14;14;20030408
14;14;20030409
14;14;20030410
14;14;20030411
14;14;20030414
14;14;20030415
14;14;20030416
14;14;20030417
14;14;20030422
14;14;20030423
14;14;20030424
14;15;20030425
15;16;20030428
16;16;20030429
16;16;20030430
16;17;20030502
17;17;20030505
17;17;20030506
17;18;20030507
18;18;20030508
18;18;20030509
18;18;20030512
18;18;20030513
18;17;20030514
17;17;20030515
17;17;20030516
17;17;20030519
17;17;20030520
17;17;20030521
17;17;20030522
17;17;20030523
17;17;20030526
17;17;20030527
17;17;20030528
17;17;20030529
17;17;20030530
17;17;20030602
17;17;20030603
17;17;20030604
17;17;20030605
17;17;20030606
17;17;20030609
17;17;20030610
17;17;20030611
17;17;20030612
17;17;20030613
17;17;20030616
17;18;20030617
18;18;20030618
18;17;20030620
17;18;20030623
18;18;20030624
18;17;20030625
17;17;20030626
17;18;20030627
18;17;20030630
17;17;20030701
17;18;20030702
18;18;20030703
18;18;20030704
18;19;20030707
19;18;20030708
18;19;20030709
19;19;20030710
19;20;20030711
20;20;20030714
20;20;20030715
20;20;20030716
20;20;20030717
20;21;20030718
21;21;20030721
21;21;20030722
21;21;20030723
21;21;20030724
21;21;20030725
21;21;20030728
21;22;20030729
22;22;20030730
22;22;20030731
22;22;20030801
22;22;20030804
22;22;20030805
22;23;20030806
23;23;20030807
23;23;20030808
23;24;20030811
24;24;20030812
24;25;20030813
25;28;20030814
28;28;20030818
28;28;20030819
28;28;20030820
28;28;20030821
28;28;20030822
28;27;20030825
27;27;20030826
27;26;20030827
26;26;20030828
26;26;20030829
26;27;20030901
27;27;20030902
27;27;20030903
27;26;20030904
26;26;20030905
26;26;20030908
26;26;20030909
26;25;20030910
25;25;20030911
25;25;20030912
25;24;20030915
24;24;20030916
24;25;20030917
25;25;20030918
25;26;20030919
26;25;20030922
25;25;20030923
25;25;20030924
25;26;20030925
26;25;20030926
25;24;20030929
24;23;20030930
23;23;20031001
23;23;20031002
23;23;20031003
23;23;20031006
23;23;20031007
23;23;20031008
23;23;20031009
23;23;20031010
23;23;20031013
23;23;20031014
23;23;20031015
23;23;20031016
23;23;20031017
23;23;20031020
23;22;20031021
22;22;20031022
22;21;20031023
21;21;20031024
21;21;20031027
21;21;20031028
21;20;20031029
20;21;20031030
21;21;20031031
21;21;20031103
21;21;20031104
21;21;20031105
21;21;20031106
21;21;20031107
21;21;20031110
21;21;20031112
21;22;20031113
22;22;20031114
22;22;20031117
22;22;20031118
22;22;20031119
22;21;20031120
21;21;20031121
21;22;20031124
22;22;20031125
22;22;20031126
22;23;20031127
23;23;20031128
23;23;20031201
23;24;20031202
24;23;20031203
23;24;20031204
24;24;20031205
24;23;20031208
23;23;20031209
23;24;20031210
24;25;20031211
25;24;20031212
24;24;20031215
24;24;20031216
24;24;20031217
24;24;20031218
24;24;20031219
24;24;20031222
24;24;20031223
24;24;20031229
24;23;20031230
23;23;20031231
23;23;20040102
23;23;20040105
23;23;20040106
23;23;20040107
23;23;20040108
23;23;20040109
23;23;20040112
23;23;20040113
23;23;20040114
23;23;20040115
23;23;20040116
23;24;20040119
24;24;20040120
24;24;20040121
24;24;20040122
24;24;20040123
24;24;20040126
24;24;20040127
24;23;20040128
23;23;20040129
23;24;20040130
24;24;20040202
24;24;20040203
24;24;20040204
24;26;20040205
26;26;20040206
26;27;20040209
27;27;20040210
27;27;20040211
27;26;20040212
26;26;20040213
26;27;20040216
27;26;20040217
26;26;20040218
26;26;20040219
26;26;20040220
26;26;20040223
26;26;20040224
26;26;20040225
26;26;20040226
26;26;20040227
26;28;20040301
28;29;20040302
29;29;20040303
29;29;20040304
29;28;20040305
28;29;20040308
29;29;20040309
29;29;20040310
29;29;20040311
29;31;20040312
31;31;20040315
31;31;20040316
31;31;20040317
31;30;20040318
30;29;20040319
29;28;20040322
28;29;20040323
29;28;20040324
28;29;20040325
29;29;20040326
29;30;20040329
30;30;20040330
30;30;20040331
30;30;20040401
30;30;20040402
30;30;20040405
30;30;20040406
30;30;20040407
30;30;20040408
30;30;20040413
30;30;20040414
30;30;20040415
30;30;20040416
30;30;20040419
30;30;20040420
30;30;20040421
30;29;20040422
29;29;20040423
29;29;20040426
29;29;20040427
29;28;20040428
28;27;20040429
27;27;20040430
27;28;20040504
28;27;20040505
27;27;20040506
27;27;20040507
27;26;20040510
26;26;20040511
26;26;20040512
26;25;20040513
25;27;20040514
27;26;20040517
26;27;20040518
27;27;20040519
27;28;20040520
28;27;20040521
27;28;20040524
28;27;20040525
27;28;20040526
28;27;20040527
27;27;20040528
27;27;20040531
27;27;20040601
27;28;20040602
28;28;20040603
28;28;20040604
28;28;20040607
28;28;20040608
28;28;20040609
28;28;20040611
28;28;20040614
28;28;20040615
28;28;20040616
28;27;20040617
27;27;20040618
27;28;20040621
28;28;20040622
28;27;20040623
27;27;20040624
27;28;20040625
28;28;20040628
28;28;20040629
28;28;20040630
28;29;20040701
29;29;20040702
29;28;20040705
28;28;20040706
28;28;20040707
28;29;20040708
29;29;20040709
29;30;20040712
30;30;20040713
30;30;20040714
30;30;20040715
30;29;20040716
29;29;20040719
29;30;20040720
30;30;20040721
30;30;20040722
30;30;20040723
30;30;20040726
30;30;20040727
30;30;20040728
30;30;20040729
30;30;20040730
30;30;20040802
30;30;20040803
30;30;20040804
30;30;20040805
30;30;20040806
30;29;20040809
29;30;20040810
30;29;20040811
29;29;20040812
29;29;20040813
29;29;20040816
29;30;20040817
30;30;20040818
30;30;20040819
30;31;20040820
31;31;20040823
31;31;20040824
31;31;20040825
31;31;20040826
31;31;20040827
31;31;20040830
31;31;20040831
31;31;20040901
31;31;20040902
31;31;20040903
31;31;20040906
31;32;20040907
32;32;20040908
32;32;20040909
32;32;20040910
32;31;20040913
31;32;20040914
32;32;20040915
32;34;20040916
34;34;20040917
34;34;20040920
34;34;20040921
34;34;20040922
34;34;20040923
34;34;20040924
34;34;20040927
34;33;20040928
33;34;20040929
34;34;20040930
34;33;20041001
33;33;20041004
33;33;20041005
33;32;20041006
32;32;20041007
32;32;20041008
32;32;20041011
32;31;20041012
31;31;20041013
31;31;20041014
31;31;20041015
31;31;20041018
31;30;20041019
30;30;20041020
30;30;20041021
30;30;20041022
30;30;20041025
30;30;20041026
30;30;20041027
30;30;20041028
30;31;20041029
31;31;20041102
31;31;20041103
31;31;20041104
31;31;20041105
31;31;20041108
31;30;20041109
30;30;20041110
30;30;20041112
30;30;20041115
30;29;20041116
29;29;20041117
29;29;20041118
29;29;20041119
29;29;20041122
29;28;20041123
28;27;20041124
27;28;20041125
28;28;20041126
28;28;20041129
28;28;20041130
28;28;20041201
28;28;20041202
28;29;20041203
29;29;20041206
29;29;20041207
29;29;20041208
29;29;20041209
29;29;20041210
29;29;20041213
29;29;20041214
29;28;20041215
28;28;20041216
28;28;20041217
28;28;20041220
28;28;20041221
28;28;20041222
28;28;20041223
28;28;20041224
28;28;20041227
28;28;20041228
28;28;20041229
28;28;20041230
28;28;20041231
28;28;20050103
28;28;20050104
28;28;20050105
28;28;20050106
28;29;20050107
29;29;20050110
29;28;20050111
28;29;20050112
29;29;20050113
29;29;20050114
29;29;20050117
29;29;20050118
29;29;20050119
29;29;20050120
29;29;20050121
29;29;20050124
29;29;20050125
29;29;20050126
29;29;20050127
29;29;20050128
29;29;20050131
29;30;20050201
30;30;20050202
30;30;20050203
30;30;20050204
30;30;20050207
30;30;20050208
30;31;20050209
31;30;20050210
30;30;20050211
30;30;20050214
30;30;20050215
30;30;20050216
30;30;20050217
30;30;20050218
30;30;20050221
30;30;20050222
30;30;20050223
30;31;20050224
31;30;20050225
30;30;20050228
30;30;20050301
30;31;20050302
31;31;20050303
31;30;20050304
30;30;20050307
30;30;20050308
30;31;20050309
31;31;20050310
31;31;20050311
31;30;20050314
30;30;20050315
30;29;20050316
29;29;20050317
29;29;20050318
29;29;20050321
29;29;20050322
29;29;20050323
29;30;20050324
30;29;20050329
29;29;20050330
29;30;20050331
30;30;20050401
30;29;20050404
29;29;20050405
29;29;20050406
29;29;20050407
29;29;20050411
29;29;20050412
29;29;20050413
29;29;20050414
29;29;20050415
29;28;20050418
28;29;20050419
29;29;20050420
29;29;20050421
29;28;20050422
28;28;20050425
28;28;20050426
28;27;20050427
27;27;20050428
27;28;20050429
28;27;20050502
27;27;20050504
27;28;20050505
28;28;20050506
28;28;20050509
28;28;20050510
28;28;20050511
28;28;20050512
28;28;20050513
28;28;20050516
28;28;20050517
28;28;20050518
28;29;20050519
29;29;20050520
29;29;20050524
29;29;20050525
29;30;20050527
30;30;20050530
30;30;20050531
30;30;20050601
30;30;20050602
30;30;20050603
30;31;20050606
31;30;20050607
30;31;20050608
31;30;20050609
30;30;20050610
30;30;20050613
30;30;20050614
30;29;20050615
29;30;20050616
30;29;20050617
29;29;20050621
29;29;20050622
29;30;20050623
30;30;20050624
30;29;20050627
29;29;20050628
29;30;20050629
30;30;20050630
30;30;20050701
30;29;20050704
29;30;20050705
30;30;20050706
30;29;20050707
29;30;20050708
30;30;20050711
30;30;20050712
30;29;20050713
29;30;20050714
30;30;20050715
30;30;20050718
30;30;20050719
30;30;20050720
30;30;20050721
30;31;20050722
31;31;20050725
31;31;20050726
31;31;20050727
31;31;20050728
31;32;20050729
32;31;20050801
31;31;20050802
31;32;20050803
32;32;20050804
32;32;20050805
32;31;20050808
31;32;20050809
32;32;20050810
32;32;20050811
32;31;20050812
31;31;20050816
31;32;20050817
32;32;20050818
32;32;20050819
32;32;20050822
32;33;20050823
33;34;20050824
34;33;20050825
33;34;20050826
34;34;20050829
34;35;20050830
35;35;20050831
35;36;20050901
36;35;20050902
35;35;20050905
35;35;20050906
35;35;20050907
35;35;20050908
35;35;20050909
35;35;20050912
35;35;20050913
35;35;20050914
35;36;20050915
36;36;20050916
36;36;20050919
36;36;20050920
36;35;20050921
35;35;20050922
35;35;20050923
35;35;20050926
35;36;20050927
36;35;20050928
35;35;20050929
35;36;20050930
36;35;20051003
35;35;20051004
35;35;20051005
35;35;20051006
35;35;20051007
35;35;20051010
35;35;20051011
35;35;20051012
35;35;20051013
35;35;20051014
35;36;20051017
36;36;20051018
36;36;20051019
36;35;20051020
35;35;20051021
35;36;20051024
36;35;20051025
35;35;20051026
35;35;20051027
35;35;20051028
35;36;20051031
36;36;20051102
36;35;20051103
35;35;20051104
35;36;20051107
36;35;20051108
35;35;20051109
35;35;20051110
35;36;20051114
36;35;20051115
35;35;20051116
35;35;20051117
35;36;20051118
36;36;20051121
36;36;20051122
36;36;20051123
36;36;20051124
36;36;20051125
36;38;20051128
38;39;20051129
39;38;20051130
38;38;20051201
38;37;20051202
37;38;20051205
38;37;20051206
37;36;20051207
36;37;20051208
37;37;20051209
37;38;20051212
38;38;20051213
38;38;20051214
38;39;20051215
39;39;20051216
39;39;20051219
39;39;20051220
39;39;20051221
39;41;20051222
41;40;20051223
40;41;20051227
41;40;20051228
40;40;20051229
40;40;20051230
40;39;20060102
39;41;20060103
41;41;20060104
41;41;20060105
41;42;20060106
42;42;20060109
42;41;20060110
41;41;20060111
41;40;20060112
40;41;20060113
41;41;20060116
41;41;20060117
41;40;20060118
40;40;20060119
40;41;20060120
41;41;20060123
41;40;20060124
40;41;20060125
41;41;20060126
41;41;20060127
41;41;20060130
41;40;20060131
40;41;20060201
41;41;20060202
41;41;20060203
41;41;20060206
41;41;20060207
41;41;20060208
41;40;20060209
40;41;20060210
41;41;20060213
41;43;20060214
43;43;20060215
43;42;20060216
42;42;20060217
42;43;20060220
43;43;20060221
43;43;20060222
43;43;20060223
43;44;20060224
44;44;20060227
44;44;20060228
44;44;20060301
44;44;20060302
44;45;20060303
45;48;20060306
48;47;20060307
47;46;20060308
46;45;20060309
45;45;20060310
45;46;20060313
46;45;20060314
45;46;20060315
46;47;20060316
47;46;20060317
46;46;20060320
46;47;20060321
47;46;20060322
46;47;20060323
47;48;20060324
48;47;20060327
47;47;20060328
47;47;20060329
47;47;20060330
47;48;20060331
48;48;20060403
48;49;20060404
49;48;20060405
48;47;20060406
47;47;20060407
47;47;20060410
47;46;20060411
46;46;20060412
46;46;20060413
46;47;20060418
47;46;20060419
46;46;20060420
46;46;20060421
46;46;20060424
46;46;20060425
46;45;20060426
45;46;20060427
46;47;20060428
47;46;20060502
46;47;20060504
47;48;20060505
48;48;20060508
48;47;20060509
47;48;20060510
48;49;20060511
49;47;20060512
47;47;20060515
47;45;20060516
45;44;20060517
44;44;20060518
44;44;20060519
44;44;20060522
44;42;20060523
42;41;20060524
41;40;20060525
40;40;20060526
40;42;20060529
42;42;20060530
42;42;20060531
42;42;20060601
42;42;20060602
42;42;20060605
42;42;20060606
42;41;20060607
41;42;20060608
42;41;20060612
41;39;20060613
39;38;20060616
38;37;20060619
37;37;20060620
37;38;20060621
38;38;20060622
38;37;20060626
37;37;20060627
37;37;20060628
37;38;20060629
38;37;20060630
37;37;20060703
37;39;20060704
39;39;20060705
39;40;20060706
40;40;20060707
40;40;20060710
40;40;20060711
40;42;20060712
42;42;20060713
42;41;20060714
41;41;20060717
41;41;20060718
41;40;20060719
40;41;20060720
41;40;20060721
40;42;20060724
42;42;20060725
42;43;20060726
43;43;20060727
43;43;20060728
43;42;20060731
42;41;20060801
41;41;20060802
41;41;20060803
41;41;20060804
41;41;20060807
41;41;20060808
41;41;20060809
41;42;20060810
42;41;20060811
41;38;20060814
38;38;20060816
38;38;20060817
38;38;20060818
38;39;20060821
39;40;20060822
40;40;20060823
40;39;20060824
39;39;20060825
39;40;20060828
40;40;20060829
40;40;20060830
40;39;20060831
39;40;20060901
40;40;20060904
40;39;20060906
39;40;20060907
40;40;20060908
40;40;20060911
40;39;20060912
39;41;20060913
41;40;20060914
40;39;20060915
39;39;20060918
39;39;20060919
39;39;20060920
39;39;20060922
39;40;20060925
40;40;20060926
40;40;20060927
40;40;20060928
40;41;20060929
41;40;20061002
40;41;20061003
41;41;20061004
41;41;20061005
41;43;20061006
43;43;20061009
43;43;20061010
43;41;20061011
41;41;20061012
41;41;20061013
41;42;20061016
42;41;20061017
41;42;20061018
42;42;20061019
42;41;20061020
41;42;20061023
42;42;20061024
42;42;20061025
42;42;20061026
42;42;20061027
42;43;20061030
43;43;20061031
43;41;20061102
41;42;20061103
42;43;20061106
43;41;20061107
41;42;20061108
42;42;20061109
42;42;20061110
42;41;20061113
41;41;20061114
41;42;20061115
42;42;20061116
42;41;20061117
41;41;20061120
41;41;20061121
41;42;20061122
42;42;20061123
42;43;20061124
43;44;20061127
44;43;20061128
43;41;20061129
41;42;20061130
42;42;20061201
42;43;20061204
43;43;20061205
43;43;20061206
43;44;20061207
44;45;20061208
45;48;20061211
48;47;20061212
47;47;20061213
47;47;20061214
47;46;20061215
46;46;20061218
46;42;20061219
42;43;20061220
43;43;20061221
43;44;20061222
44;43;20061228
43;43;20061229
43;42;20070102
42;44;20070103
44;43;20070105
43;41;20070108
41;42;20070109
42;43;20070110
43;45;20070111
45;46;20070112
46;46;20070115
46;44;20070116
44;44;20070117
44;43;20070118
43;43;20070119
43;43;20070122
43;43;20070123
43;42;20070124
42;42;20070125
42;43;20070126
43;43;20070130
43;43;20070131
43;43;20070201
43;43;20070202
43;42;20070205
42;41;20070206
41;42;20070207
42;41;20070208
41;42;20070209
42;42;20070212
42;42;20070213
42;41;20070214
41;41;20070215
41;42;20070216
42;41;20070219
41;41;20070220
41;41;20070221
41;41;20070222
41;41;20070223
41;42;20070226
42;41;20070227
41;41;20070228
41;41;20070301
41;41;20070302
41;40;20070305
40;41;20070306
41;41;20070307
41;40;20070309
40;40;20070312
40;40;20070313
40;40;20070314
40;41;20070315
41;41;20070316
41;41;20070319
41;42;20070320
42;41;20070321
41;42;20070322
42;42;20070323
42;42;20070326
42;43;20070327
43;43;20070328
43;43;20070329
43;42;20070330
42;42;20070402
42;43;20070403
43;43;20070404
43;43;20070405
43;43;20070410
43;43;20070411
43;42;20070412
42;42;20070413
42;40;20070416
40;42;20070417
42;42;20070419
42;42;20070420
42;42;20070423
42;42;20070424
42;42;20070425
42;41;20070426
41;41;20070427
41;41;20070430
41;41;20070502
41;42;20070504
42;42;20070507
42;41;20070508
41;42;20070509
42;42;20070510
42;42;20070511
42;42;20070514
42;42;20070515
42;41;20070516
41;42;20070517
42;42;20070518
42;43;20070521
43;42;20070522
42;42;20070523
42;42;20070524
42;43;20070525
43;43;20070528
43;45;20070529
45;45;20070530
45;45;20070531
45;46;20070601
46;47;20070604
47;46;20070605
46;47;20070606
47;47;20070608
47;48;20070611
48;48;20070612
48;48;20070613
48;52;20070614
52;52;20070615
52;54;20070618
54;55;20070619
55;54;20070620
54;53;20070621
53;54;20070622
54;53;20070625
53;53;20070626
53;53;20070627
53;54;20070628
54;53;20070629
53;54;20070702
54;55;20070703
55;55;20070704
55;54;20070705
54;55;20070706
55;56;20070709
56;56;20070710
56;55;20070711
55;55;20070712
55;54;20070713
54;54;20070716
54;55;20070717
55;56;20070718
56;55;20070719
55;54;20070720
54;54;20070723
54;55;20070724
55;54;20070725
54;53;20070726
53;55;20070727
55;54;20070730
54;52;20070731
52;49;20070801
49;50;20070802
50;48;20070803
48;46;20070806
46;48;20070807
48;49;20070808
49;46;20070809
46;48;20070810
48;49;20070813
49;44;20070816
44;44;20070817
44;42;20070820
42;41;20070821
41;42;20070822
42;44;20070823
44;44;20070827
44;44;20070828
44;44;20070829
44;45;20070830
45;49;20070831
49;50;20070903
50;50;20070904
50;48;20070906
48;49;20070907
49;49;20070910
49;49;20070911
49;55;20070913
55;49;20070914
49;50;20070917
50;50;20070918
50;52;20070919
52;52;20070920
52;51;20070921
51;48;20070924
48;49;20070925
49;49;20070926
49;49;20070927
49;50;20070928
50;50;20071001
50;50;20071002
50;50;20071003
50;50;20071005
50;49;20071010
49;49;20071011
49;49;20071012
49;49;20071015
49;48;20071016
48;49;20071017
49;49;20071018
49;49;20071023
49;49;20071024
49;49;20071025
49;49;20071026
49;48;20071029
48;48;20071031
48;47;20071102
47;43;20071106
43;42;20071107
42;40;20071108
40;40;20071109
40;40;20071112
40;40;20071113
40;41;20071114
41;38;20071115
38;36;20071116
36;38;20071119
38;38;20071120
38;37;20071121
37;37;20071122
37;37;20071123
37;36;20071126
36;37;20071127
37;38;20071128
38;38;20071129
38;39;20071130
39;40;20071203
40;40;20071204
40;41;20071205
41;40;20071206
40;40;20071207
40;40;20071210
40;40;20071211
40;40;20071212
40;40;20071213
40;41;20071214
41;39;20071217
39;39;20071218
39;40;20071219
40;40;20071220
40;41;20071221
41;41;20071227
41;42;20071228
42;42;20080102
42;40;20080103
40;40;20080104
40;39;20080107
39;40;20080108
40;39;20080109
39;37;20080110
37;34;20080111
34;33;20080114
33;32;20080115
32;32;20080116
32;30;20080117
30;30;20080118
30;28;20080121
28;27;20080122
27;29;20080123
29;31;20080124
31;31;20080125
31;30;20080128
30;32;20080129
32;32;20080130
32;31;20080131
31;33;20080201
33;32;20080204
32;32;20080205
32;33;20080206
33;33;20080208
33;33;20080211
33;34;20080212
34;35;20080213
35;34;20080214
34;34;20080215
34;34;20080219
34;34;20080220
34;34;20080221
34;34;20080225
34;34;20080226
34;34;20080228
34;34;20080229
34;34;20080304
34;37;20080306
37;36;20080307
36;37;20080310
37;37;20080311
37;36;20080312
36;37;20080313
37;37;20080318
37;37;20080319
37;37;20080320
37;37;20080325
37;37;20080326
37;37;20080327
37;37;20080328
37;36;20080331
36;36;20080401
36;36;20080402
36;36;20080403
36;36;20080404
36;37;20080407
37;38;20080408
38;39;20080409
39;39;20080410
39;39;20080411
39;39;20080417
39;39;20080418
39;39;20080421
39;37;20080422
37;39;20080423
39;35;20080424
35;36;20080425
36;37;20080428
37;37;20080429
37;37;20080430
37;37;20080506
37;37;20080507
37;37;20080508
37;37;20080509
37;37;20080514
37;36;20080515
36;36;20080516
36;37;20080519
37;37;20080520
37;37;20080521
37;37;20080523
37;37;20080526
37;37;20080527
37;37;20080528
37;36;20080529
36;37;20080530
37;37;20080602
37;37;20080603
37;37;20080604
37;37;20080605
37;37;20080606
37;36;20080609
36;36;20080610
36;36;20080611
36;35;20080612
35;35;20080613
35;36;20080616
36;34;20080617
34;34;20080618
34;36;20080619
36;35;20080620
35;35;20080623
35;35;20080624
35;34;20080625
34;34;20080626
34;34;20080627
34;34;20080701
34;34;20080702
34;34;20080703
34;33;20080704
33;33;20080707
33;33;20080708
33;32;20080710
32;31;20080711
31;31;20080714
31;32;20080715
32;32;20080716
32;32;20080717
32;32;20080718
32;33;20080721
33;33;20080722
33;33;20080723
33;33;20080724
33;31;20080725
31;31;20080728
31;31;20080729
31;32;20080730
32;32;20080731
32;32;20080801
32;32;20080804
32;31;20080805
31;31;20080806
31;31;20080807
31;31;20080808
31;30;20080813
30;30;20080814
30;31;20080818
31;30;20080819
30;31;20080820
31;30;20080821
30;31;20080822
31;30;20080825
30;30;20080827
30;31;20080829
31;31;20080901
31;32;20080902
32;31;20080903
31;32;20080904
32;31;20080905
31;32;20080908
32;32;20080909
32;31;20080912
31;31;20080916
31;30;20080917
30;30;20080918
30;30;20080922
30;29;20080923
29;29;20080924
29;29;20080925
29;30;20080926
30;30;20080930
30;29;20081001
29;29;20081003
29;28;20081006
28;27;20081007
27;26;20081008
26;25;20081009
25;23;20081010
23;24;20081013
24;24;20081014
24;25;20081015
25;25;20081016
25;24;20081017
24;24;20081020
24;25;20081021
25;24;20081022
24;21;20081023
21;21;20081024
21;21;20081027
21;20;20081028
20;21;20081029
21;20;20081030
20;20;20081031
20;21;20081103
21;22;20081104
22;23;20081105
23;23;20081106
23;23;20081107
23;23;20081110
23;24;20081112
24;24;20081113
24;24;20081114
24;24;20081117
24;25;20081118
25;24;20081119
24;23;20081120
23;23;20081121
23;24;20081124
24;25;20081125
25;25;20081126
25;25;20081127
25;25;20081128
25;25;20081201
25;25;20081202
25;25;20081203
25;25;20081204
25;26;20081205
26;28;20081208
28;28;20081209
28;27;20081210
27;28;20081211
28;27;20081212
27;27;20081215
27;27;20081216
27;27;20081217
27;27;20081218
27;27;20081219
27;27;20081222
27;26;20081223
26;26;20081229
26;27;20081230
27;28;20081231
28;28;20090105
28;28;20090106
28;27;20090107
27;28;20090108
28;25;20090109
25;25;20090112
25;24;20090113
24;24;20090114
24;23;20090115
23;24;20090116
24;24;20090119
24;23;20090120
23;23;20090121
23;23;20090122
23;23;20090123
23;24;20090126
24;25;20090127
25;24;20090128
24;24;20090129
24;24;20090130
24;24;20090202
24;23;20090203
23;23;20090204
23;23;20090205
23;23;20090206
23;23;20090209
23;24;20090210
24;24;20090211
24;23;20090212
23;24;20090213
24;23;20090216
23;22;20090217
22;22;20090218
22;22;20090219
22;22;20090220
22;22;20090223
22;22;20090224
22;23;20090225
23;22;20090226
22;22;20090227
22;21;20090302
21;21;20090303
21;21;20090304
21;22;20090305
22;21;20090306
21;21;20090309
21;22;20090310
22;23;20090311
23;24;20090312
24;24;20090313
24;24;20090316
24;25;20090317
25;25;20090318
25;25;20090319
25;24;20090320
24;24;20090323
24;24;20090324
24;23;20090325
23;23;20090326
23;23;20090327
23;22;20090330
22;23;20090331
23;22;20090401
22;24;20090402
24;24;20090403
24;24;20090406
24;24;20090407
24;25;20090408
25;26;20090409
26;27;20090414
27;27;20090415
27;28;20090416
28;28;20090417
28;28;20090420
28;27;20090421
27;27;20090422
27;28;20090423
28;28;20090424
28;28;20090427
28;28;20090428
28;29;20090429
29;29;20090430
29;28;20090504
28;28;20090505
28;28;20090506
28;28;20090507
28;28;20090508
28;28;20090511
28;29;20090512
29;29;20090513
29;28;20090514
28;28;20090515
28;29;20090518
29;29;20090519
29;29;20090520
29;30;20090521
30;31;20090522
31;30;20090525
30;30;20090526
30;30;20090527
30;30;20090528
30;30;20090529
30;31;20090601
31;30;20090602
30;31;20090603
31;31;20090604
31;31;20090605
31;32;20090608
32;32;20090609
32;31;20090610
31;32;20090612
32;31;20090615
31;31;20090616
31;31;20090617
31;31;20090618
31;31;20090619
31;31;20090622
31;30;20090623
30;30;20090624
30;30;20090625
30;31;20090626
31;31;20090629
31;31;20090630
31;31;20090701
31;30;20090702
30;30;20090703
30;30;20090706
30;30;20090707
30;31;20090708
31;31;20090709
31;30;20090710
30;30;20090713
30;30;20090714
30;30;20090715
30;30;20090716
30;31;20090717
31;35;20090720
35;37;20090721
37;36;20090722
36;37;20090723
37;37;20090724
37;37;20090727
37;37;20090728
37;37;20090729
37;37;20090730
37;37;20090731
37;37;20090803
37;36;20090804
36;36;20090805
36;36;20090806
36;36;20090810
36;35;20090811
35;35;20090813
35;36;20090814
36;35;20090817
35;35;20090818
35;36;20090819
36;37;20090820
37;38;20090821
38;38;20090824
38;39;20090825
39;38;20090826
38;38;20090827
38;38;20090828
38;38;20090831
38;38;20090901
38;37;20090902
37;36;20090903
36;36;20090904
36;36;20090907
36;36;20090908
36;36;20090909
36;39;20090910
39;40;20090911
40;39;20090914
39;40;20090915
40;40;20090916
40;40;20090917
40;42;20090918
42;43;20090921
43;43;20090922
43;44;20090923
44;43;20090924
43;44;20090925
44;43;20090928
43;42;20090929
42;43;20090930
43;43;20091001
43;41;20091002
41;42;20091005
42;42;20091006
42;42;20091007
42;42;20091008
42;42;20091009
42;42;20091012
42;41;20091013
41;41;20091014
41;41;20091015
41;41;20091016
41;39;20091019
39;39;20091020
39;39;20091021
39;39;20091022
39;40;20091023
40;39;20091026
39;40;20091027
40;39;20091028
39;40;20091029
40;41;20091030
41;43;20091102
43;42;20091103
42;41;20091104
41;42;20091105
42;42;20091106
42;42;20091109
42;42;20091110
42;43;20091112
43;43;20091113
43;43;20091116
43;43;20091117
43;42;20091118
42;42;20091119
42;41;20091120
41;42;20091123
42;42;20091124
42;42;20091125
42;42;20091126
42;41;20091127
41;41;20091130
41;39;20091201
39;39;20091202
39;39;20091203
39;41;20091204
41;39;20091207
39;40;20091208
40;39;20091209
39;39;20091210
39;39;20091211
39;39;20091214
39;39;20091215
39;38;20091216
38;39;20091217
39;39;20091218
39;40;20091221
40;40;20091222
40;40;20091223
40;38;20091228
38;39;20091229
39;39;20091230
39;38;20091231
38;39;20100104
39;39;20100105
39;39;20100106
39;39;20100107
39;39;20100108
39;41;20100111
41;40;20100112
40;40;20100113
40;41;20100114
41;41;20100115
41;41;20100118
41;41;20100119
41;41;20100120
41;41;20100121
41;41;20100122
41;41;20100125
41;40;20100126
40;40;20100127
40;41;20100128
41;41;20100201
41;39;20100204
39;38;20100205
38;38;20100208
38;38;20100209
38;38;20100210
38;38;20100211
38;39;20100212
39;39;20100216
39;40;20100217
40;40;20100218
40;41;20100219
41;40;20100222
40;39;20100223
39;39;20100225
39;40;20100226
40;40;20100301
40;40;20100302
40;40;20100303
40;40;20100304
40;41;20100305
41;40;20100308
40;41;20100310
41;41;20100311
41;41;20100312
41;41;20100315
41;41;20100316
41;41;20100317
41;41;20100318
41;41;20100319
41;40;20100322
40;40;20100323
40;41;20100324
41;41;20100325
41;42;20100326
42;43;20100329
43;43;20100330
43;44;20100331
44;44;20100401
44;43;20100406
43;44;20100407
44;44;20100408
44;44;20100409
44;44;20100412
44;44;20100413
44;44;20100414
44;43;20100415
43;43;20100419
43;44;20100420
44;42;20100422
42;42;20100423
42;42;20100426
42;42;20100427
42;41;20100428
41;42;20100429
42;42;20100430
42;41;20100504
41;40;20100505
40;40;20100506
40;39;20100507
39;39;20100510
39;40;20100511
40;40;20100512
40;40;20100513
40;40;20100514
40;40;20100517
40;40;20100518
40;40;20100519
40;39;20100520
39;40;20100521
40;39;20100525
39;39;20100526
39;40;20100527
40;40;20100528
40;41;20100601
41;41;20100602
41;41;20100604
41;39;20100607
39;40;20100608
40;40;20100609
40;41;20100611
41;42;20100614
42;42;20100615
42;42;20100616
42;42;20100617
42;42;20100618
42;42;20100623
42;41;20100624
41;42;20100625
42;41;20100628
41;40;20100629
40;41;20100630
41;39;20100701
39;40;20100702
40;40;20100707
40;39;20100709
39;40;20100712
40;41;20100713
41;42;20100714
42;42;20100715
42;42;20100716
42;41;20100719
41;41;20100720
41;42;20100721
42;42;20100722
42;42;20100723
42;42;20100726
42;42;20100727
42;42;20100728
42;42;20100730
42;42;20100802
42;42;20100803
42;42;20100804
42;43;20100805
43;43;20100806
43;43;20100809
43;42;20100810
42;43;20100811
43;43;20100812
43;43;20100813
43;42;20100816
42;43;20100818
43;44;20100820
44;44;20100823
44;42;20100824
42;42;20100826
42;43;20100827
43;43;20100830
43;43;20100831
43;43;20100902
43;43;20100903
43;44;20100906
44;43;20100907
43;44;20100908
44;44;20100909
44;44;20100910
44;44;20100913
44;44;20100915
44;44;20100916
44;45;20100917
45;45;20100920
45;45;20100921
45;45;20100922
45;45;20100923
45;45;20100924
45;46;20100928
46;46;20100929
46;47;20100930
47;47;20101001
47;47;20101004
47;47;20101005
47;46;20101006
46;46;20101007
46;45;20101008
45;45;20101011
45;44;20101012
44;46;20101013
46;46;20101014
46;46;20101015
46;45;20101018
45;44;20101019
44;44;20101020
44;44;20101022
44;44;20101025
44;43;20101026
43;43;20101027
43;42;20101028
42;42;20101029
42;42;20101103
42;43;20101104
43;43;20101105
43;42;20101108
42;43;20101109
43;43;20101110
43;43;20101112
43;42;20101115
42;41;20101116
41;40;20101117
40;40;20101118
40;41;20101119
41;41;20101122
41;40;20101123
40;40;20101124
40;39;20101125
39;38;20101126
38;39;20101129
39;39;20101130
39;40;20101201
40;39;20101202
39;39;20101203
39;39;20101206
39;39;20101207
39;39;20101208
39;39;20101209
39;40;20101210
40;39;20101213
39;39;20101214
39;40;20101215
40;40;20101216
40;40;20101217
40;39;20101220
39;40;20101221
40;40;20101222
40;40;20101223
40;41;20101227
41;41;20101228
41;40;20101229
40;40;20101230
40;40;20101231
40;40;20110103
40;40;20110104
40;40;20110105
40;40;20110107
40;39;20110110
39;39;20110111
39;39;20110112
39;39;20110113
39;38;20110114
38;39;20110117
39;38;20110118
38;38;20110119
38;38;20110121
38;38;20110124
38;37;20110125
37;37;20110126
37;37;20110127
37;38;20110128
38;37;20110131
37;38;20110201
38;39;20110202
39;37;20110203
37;38;20110204
38;38;20110207
38;37;20110209
37;37;20110210
37;38;20110211
38;37;20110214
37;37;20110215
37;37;20110216
37;37;20110217
37;37;20110218
37;36;20110221
36;37;20110222
37;36;20110223
36;37;20110224
37;37;20110225
37;37;20110228
37;35;20110301
35;35;20110302
35;35;20110303
35;35;20110304
35;34;20110307
34;34;20110308
34;33;20110309
33;34;20110310
34;34;20110311
34;35;20110314
35;35;20110315
35;35;20110316
35;33;20110317
33;34;20110318
34;33;20110321
33;32;20110322
32;32;20110323
32;31;20110324
31;32;20110325
32;32;20110328
32;31;20110329
31;31;20110330
31;31;20110331
31;32;20110401
32;32;20110404
32;32;20110405
32;30;20110406
30;32;20110407
32;32;20110408
32;31;20110411
31;30;20110412
30;31;20110413
31;30;20110414
30;31;20110415
31;31;20110418
31;31;20110419
31;31;20110420
31;31;20110421
31;33;20110426
33;33;20110427
33;32;20110428
32;32;20110429
32;33;20110502
33;32;20110504
32;33;20110505
33;32;20110506
32;32;20110509
32;32;20110510
32;32;20110511
32;31;20110512
31;31;20110513
31;30;20110516
30;30;20110517
30;30;20110518
30;30;20110519
30;30;20110520
30;31;20110523
31;32;20110524
32;32;20110525
32;32;20110526
32;33;20110527
33;35;20110530
35;35;20110531
35;35;20110601
35;34;20110602
34;34;20110603
34;33;20110606
33;32;20110607
32;31;20110608
31;31;20110609
31;31;20110610
31;31;20110613
31;32;20110614
32;31;20110615
31;31;20110616
31;31;20110617
31;32;20110620
32;31;20110621
31;31;20110622
31;31;20110624
31;31;20110627
31;30;20110628
30;31;20110629
31;31;20110630
31;30;20110701
30;30;20110704
30;30;20110705
30;30;20110706
30;30;20110707
30;30;20110708
30;29;20110711
29;29;20110712
29;29;20110713
29;29;20110714
29;29;20110715
29;29;20110718
29;29;20110719
29;29;20110720
29;29;20110721
29;29;20110722
29;28;20110725
28;28;20110726
28;28;20110727
28;27;20110728
27;27;20110729
27;28;20110801
28;28;20110802
28;26;20110803
26;26;20110804
26;25;20110805
25;23;20110808
23;22;20110809
22;22;20110810
22;25;20110811
25;25;20110812
25;26;20110816
26;26;20110817
26;24;20110818
24;24;20110819
24;25;20110822
25;25;20110823
25;26;20110824
26;26;20110829
26;25;20110830
25;26;20110831
26;25;20110901
25;25;20110902
25;25;20110906
25;25;20110907
25;25;20110908
25;24;20110909
24;25;20110912
25;24;20110913
24;24;20110914
24;23;20110915
23;23;20110916
23;23;20110919
23;22;20110920
22;22;20110921
22;22;20110922
22;22;20110923
22;22;20110926
22;23;20110927
23;22;20110928
22;22;20110929
22;22;20110930
22;22;20111003
22;21;20111004
21;23;20111005
23;23;20111006
23;22;20111010
22;23;20111011
23;23;20111012
23;22;20111013
22;23;20111014
23;23;20111017
23;22;20111018
22;22;20111019
22;22;20111020
22;23;20111021
23;23;20111024
23;23;20111025
23;22;20111026
22;23;20111027
23;23;20111028
23;23;20111031
23;22;20111102
22;22;20111103
22;22;20111104
22;22;20111107
22;22;20111108
22;21;20111109
21;22;20111110
22;22;20111114
22;21;20111115
21;21;20111116
21;22;20111117
22;22;20111118
22;22;20111121
22;22;20111122
22;22;20111123
22;22;20111124
22;21;20111125
21;21;20111128
21;22;20111129
22;22;20111130
22;22;20111201
22;22;20111202
22;22;20111205
22;22;20111206
22;22;20111208
22;21;20111213
21;22;20111214
22;21;20111215
21;21;20111219
21;21;20111220
21;22;20111221
22;22;20111222
22;22;20111223
22;21;20111227
21;22;20111228
22;23;20111229
23;22;20111230
22;23;20120102
23;23;20120103
23;23;20120104
23;23;20120105
23;23;20120109
23;23;20120110
23;22;20120111
22;23;20120112
23;23;20120113
23;22;20120116
22;23;20120117
23;24;20120118
24;25;20120119
25;24;20120120
24;25;20120123
25;24;20120124
24;25;20120125
25;25;20120126
25;26;20120127
26;26;20120130
26;26;20120131
26;26;20120201
26;26;20120202
26;26;20120203
26;27;20120206
27;27;20120207
27;27;20120208
27;27;20120209
27;27;20120210
27;27;20120213
27;27;20120214
27;26;20120215
26;27;20120216
27;27;20120217
27;27;20120220
27;27;20120221
27;27;20120222
27;27;20120223
27;26;20120224
26;26;20120228
26;26;20120229
26;26;20120302
26;26;20120305
26;25;20120306
25;25;20120307
25;25;20120308
25;25;20120309
25;25;20120313
25;25;20120314
25;25;20120315
25;26;20120316
26;27;20120319
27;27;20120322
27;27;20120323
27;27;20120326
27;27;20120327
27;27;20120328
27;27;20120329
27;27;20120330
27;27;20120402
27;26;20120404
26;26;20120410
26;23;20120413
23;23;20120416
23;23;20120417
23;23;20120418
23;22;20120419
22;22;20120420
22;21;20120423
21;21;20120424
21;21;20120425
21;21;20120426
21;21;20120427
21;22;20120502
22;21;20120504
21;20;20120510
20;20;20120511
20;21;20120516
21;21;20120517
21;21;20120518
21;21;20120521
21;20;20120523
20;20;20120524
20;20;20120528
20;20;20120529
20;20;20120530
20;19;20120531
19;20;20120601
20;19;20120604
19;19;20120611
19;20;20120614
20;20;20120615
20;20;20120618
20;20;20120619
20;20;20120620
20;20;20120622
20;20;20120626
20;20;20120627
20;20;20120628
20;20;20120629
20;19;20120702
19;19;20120703
19;20;20120704
20;20;20120706
20;19;20120709
19;20;20120710
20;20;20120711
20;20;20120712
20;20;20120713
20;21;20120716
21;22;20120717
22;23;20120718
23;23;20120719
23;22;20120720
22;21;20120723
21;21;20120724
21;21;20120725
21;22;20120727
22;21;20120730
21;21;20120731
21;22;20120801
22;22;20120802
22;22;20120803
22;22;20120807
22;22;20120809
22;21;20120810
21;21;20120813
21;21;20120814
21;21;20120816
21;21;20120817
21;21;20120820
21;21;20120821
21;20;20120822
20;21;20120823
21;21;20120824
21;21;20120828
21;20;20120830
20;20;20120831
20;22;20120903
22;22;20120904
22;22;20120905
22;23;20120906
23;22;20120907
22;22;20120910
22;22;20120911
22;22;20120912
22;23;20120913
23;24;20120914
24;23;20120917
23;23;20120918
23;23;20120919
23;24;20120920
24;23;20120921
23;24;20120924
24;23;20120926
23;23;20120927
23;24;20120928
24;24;20121001
24;24;20121003
24;23;20121004
23;24;20121005
24;23;20121008
23;23;20121009
23;27;20121010
27;29;20121011
29;28;20121012
28;28;20121015
28;28;20121016
28;28;20121017
28;27;20121018
27;27;20121019
27;27;20121022
27;28;20121023
28;27;20121024
27;27;20121025
27;27;20121026
27;27;20121029
27;27;20121030
27;27;20121031
27;27;20121102
27;26;20121105
26;27;20121106
27;26;20121107
26;25;20121109
25;27;20121112
27;28;20121113
28;28;20121114
28;28;20121115
28;28;20121116
28;28;20121119
28;28;20121120
28;28;20121121
28;28;20121122
28;29;20121123
29;31;20121126
31;32;20121127
32;32;20121128
32;32;20121129
32;32;20121130
32;33;20121203
33;33;20121204
33;32;20121205
32;32;20121206
32;32;20121207
32;31;20121210
31;32;20121211
32;32;20121212
32;31;20121213
31;31;20121214
31;31;20121217
31;31;20121218
31;31;20121219
31;31;20121220
31;31;20121221
31;32;20121227
32;32;20121228
32;32;20130102
32;32;20130103
32;32;20130104
32;32;20130107
32;32;20130108
32;32;20130109
32;32;20130110
32;32;20130111
32;32;20130114
32;32;20130115
32;32;20130116
32;32;20130117
32;34;20130118
34;35;20130121
35;35;20130122
35;35;20130123
35;36;20130124
36;37;20130125
37;37;20130128
37;37;20130129
37;37;20130130
37;37;20130131
37;37;20130201
37;37;20130204
37;36;20130205
36;36;20130206
36;36;20130207
36;36;20130208
36;34;20130211
34;35;20130212
35;36;20130213
36;37;20130214
37;37;20130215
37;38;20130218
38;40;20130219
40;40;20130220
40;39;20130221
39;39;20130222
39;40;20130225
40;39;20130226
39;39;20130227
39;39;20130228
39;39;20130301
39;38;20130304
38;38;20130305
38;38;20130306
38;38;20130307
38;38;20130308
38;38;20130311
38;38;20130312
38;39;20130313
39;39;20130314
39;39;20130315
39;38;20130318
38;39;20130319
39;39;20130320
39;39;20130321
39;42;20130322
42;47;20130325
47;48;20130326
48;47;20130327
47;47;20130328
47;47;20130402
47;46;20130403
46;47;20130404
47;48;20130405
48;49;20130408
49;52;20130409
52;51;20130410
51;51;20130411
51;50;20130412
50;50;20130415
50;47;20130417
47;45;20130418
45;47;20130419
47;48;20130422
48;47;20130423
47;46;20130424
46;46;20130425
46;48;20130426
48;49;20130429
49;50;20130430
50;50;20130502
50;50;20130506
50;52;20130507
52;54;20130508
54;54;20130509
54;54;20130510
54;54;20130513
54;55;20130514
55;56;20130515
56;52;20130516
52;49;20130517
49;49;20130520
49;49;20130521
49;49;20130522
49;49;20130523
49;51;20130524
51;52;20130527
52;52;20130528
52;50;20130529
50;50;20130531
50;50;20130603
50;50;20130604
50;49;20130605
49;49;20130606
49;51;20130607
51;54;20130610
54;55;20130611
55;55;20130612
55;55;20130613
55;54;20130614
54;52;20130617
52;52;20130618
52;52;20130619
52;49;20130620
49;50;20130621
50;49;20130624
49;51;20130625
51;51;20130626
51;50;20130627
50;51;20130628
51;51;20130701
51;52;20130702
52;51;20130703
51;52;20130704
52;52;20130705
52;51;20130708
51;50;20130709
50;50;20130710
50;50;20130711
50;49;20130712
49;50;20130715
50;49;20130716
49;49;20130717
49;50;20130718
50;49;20130719
49;47;20130722
47;46;20130723
46;48;20130724
48;49;20130725
49;49;20130726
49;49;20130729
49;49;20130730
49;47;20130731
47;47;20130801
47;49;20130802
49;49;20130805
49;48;20130806
48;49;20130807
49;49;20130808
49;52;20130809
52;51;20130812
51;52;20130813
52;54;20130814
54;53;20130816
53;52;20130819
52;50;20130820
50;50;20130821
50;51;20130822
51;51;20130823
51;51;20130826
51;49;20130827
49;48;20130828
48;48;20130829
48;49;20130830
49;52;20130902
52;51;20130903
51;51;20130904
51;48;20130905
48;49;20130906
49;51;20130909
51;53;20130910
53;53;20130911
53;52;20130912
52;51;20130913
51;53;20130916
53;52;20130917
52;52;20130918
52;52;20130919
52;52;20130920
52;51;20130923
51;51;20130924
51;51;20130925
51;51;20130926
51;51;20130927
51;51;20130930
51;51;20131001
51;53;20131002
53;53;20131003
53;55;20131004
55;56;20131007
56;56;20131008
56;55;20131009
55;56;20131010
56;56;20131011
56;58;20131014
58;60;20131015
60;62;20131016
62;67;20131017
67;68;20131018
68;67;20131021
67;65;20131022
65;63;20131023
63;65;20131024
65;66;20131025
66;67;20131028
67;69;20131029
69;69;20131030
69;69;20131031
69;69;20131104
69;69;20131105
69;69;20131106
69;68;20131107
68;68;20131108
68;69;20131112
69;69;20131113
69;68;20131114
68;70;20131115
70;72;20131118
72;73;20131119
73;73;20131120
73;74;20131121
74;74;20131122
74;73;20131125
73;74;20131126
74;74;20131127
74;74;20131128
74;73;20131129
73;72;20131202
72;70;20131203
70;70;20131204
70;68;20131205
68;70;20131206
70;72;20131209
72;71;20131210
71;72;20131211
72;70;20131212
70;69;20131213
69;66;20131216
66;64;20131217
64;65;20131218
65;67;20131219
67;67;20131220
67;68;20131223
68;68;20131227
68;67;20131230
67;64;20140102
64;66;20140103
66;64;20140107
64;61;20140108
61;58;20140109
58;57;20140110
57;59;20140113
59;59;20140114
59;61;20140115
61;61;20140116
61;62;20140117
62;61;20140120
61;61;20140121
61;61;20140122
61;58;20140123
58;57;20140124
57;55;20140127
55;56;20140128
56;56;20140129
56;58;20140130
58;59;20140131
59;60;20140203
60;59;20140204
59;60;20140205
60;60;20140206
60;58;20140207
58;60;20140210
60;60;20140211
60;61;20140212
61;62;20140213
62;63;20140214
63;64;20140217
64;64;20140218
64;63;20140219
63;61;20140220
61;62;20140221
62;62;20140224
62;63;20140225
63;58;20140226
58;59;20140227
59;59;20140228
59;55;20140303
55;57;20140304
57;57;20140305
57;56;20140306
56;55;20140307
55;52;20140310
52;53;20140311
53;53;20140312
53;52;20140313
52;51;20140314
51;53;20140317
53;53;20140318
53;51;20140319
51;51;20140320
51;53;20140321
53;53;20140324
53;53;20140325
53;54;20140326
54;54;20140327
54;53;20140328
53;55;20140331
55;55;20140401
55;55;20140402
55;55;20140403
55;54;20140404
54;53;20140407
53;52;20140408
52;52;20140409
52;51;20140410
51;52;20140411
52;52;20140414
52;51;20140415
51;50;20140416
50;50;20140417
50;51;20140422
51;51;20140423
51;50;20140424
50;50;20140425
50;50;20140428
50;50;20140429
50;50;20140430
50;51;20140502
51;51;20140505
51;51;20140506
51;51;20140507
51;51;20140508
51;50;20140509
50;48;20140512
48;49;20140513
49;49;20140514
49;47;20140515
47;45;20140516
45;47;20140519
47;49;20140520
49;50;20140521
50;51;20140522
51;52;20140523
52;53;20140526
53;52;20140527
52;51;20140528
51;51;20140529
51;50;20140530
50;51;20140602
51;51;20140603
51;51;20140604
51;52;20140605
52;53;20140606
53;55;20140609
55;54;20140610
54;54;20140611
54;52;20140612
52;51;20140613
51;52;20140616
52;52;20140617
52;52;20140618
52;51;20140620
51;53;20140623
53;54;20140624
54;54;20140625
54;52;20140626
52;53;20140627
53;53;20140630
53;53;20140701
53;53;20140702
53;52;20140703
52;50;20140704
50;51;20140707
51;50;20140708
50;48;20140709
48;49;20140710
49;48;20140711
48;47;20140714
47;47;20140715
47;47;20140716
47;47;20140717
47;46;20140718
46;45;20140721
45;46;20140722
46;47;20140723
47;46;20140724
46;46;20140725
46;47;20140728
47;47;20140729
47;49;20140730
49;47;20140731
47;46;20140801
46;47;20140804
47;47;20140805
47;46;20140806
46;46;20140807
46;47;20140808
47;46;20140811
46;45;20140812
45;46;20140813
46;46;20140814
46;47;20140818
47;46;20140819
46;46;20140821
46;46;20140822
46;48;20140825
48;48;20140826
48;49;20140827
49;50;20140828
50;48;20140829
48;47;20140901
47;49;20140902
49;50;20140903
50;49;20140904
49;50;20140905
50;49;20140909
49;49;20140910
49;47;20140911
47;47;20140912
47;47;20140915
47;47;20140916
47;47;20140917
47;49;20140918
49;50;20140919
50;50;20140922
50;50;20140923
50;50;20140924
50;51;20140925
51;52;20140926
52;52;20140929
52;53;20140930
53;53;20141001
53;53;20141002
53;52;20141003
52;52;20141006
52;52;20141007
52;51;20141008
51;51;20141009
51;51;20141010
51;53;20141013
53;53;20141014
53;52;20141016
52;51;20141020
51;51;20141021
51;52;20141022
52;53;20141023
53;52;20141024
52;51;20141027
51;51;20141028
51;51;20141029
51;51;20141030
51;50;20141031
50;51;20141103
51;50;20141104
50;50;20141105
50;49;20141106
49;49;20141107
49;49;20141110
49;50;20141113
50;50;20141114
50;50;20141117
50;49;20141118
49;49;20141119
49;49;20141120
49;49;20141121
49;50;20141124
50;49;20141125
49;48;20141126
48;48;20141127
48;50;20141128
50;49;20141202
49;50;20141203
50;50;20141204
50;50;20141205
50;50;20141208
50;49;20141209
49;47;20141210
47;47;20141211
47;47;20141212
47;46;20141215
46;46;20141216
46;46;20141217
46;47;20141218
47;48;20141219
48;48;20141222
48;48;20141223
48;48;20141229
